-- ============================================================
--  CSDL_QlyDACT.sql
--  CSDL Quan ly De An Cong Ty
--  User: TruongQuocToan
--  Chay: @CSDL_QlyDACT.sql
-- ============================================================

-- Xoa bang cu neu ton tai (theo thu tu FK nguoc)
DROP TABLE THANNHAN    CASCADE CONSTRAINTS PURGE;
DROP TABLE PHANCONG    CASCADE CONSTRAINTS PURGE;
DROP TABLE DEAN        CASCADE CONSTRAINTS PURGE;
DROP TABLE DIADIEM_PHG CASCADE CONSTRAINTS PURGE;
DROP TABLE NHANVIEN    CASCADE CONSTRAINTS PURGE;
DROP TABLE PHONGBAN    CASCADE CONSTRAINTS PURGE;

-- ============================================================
-- TAO BANG
-- ============================================================

-- ---- Tao bang PHONGBAN (chua co FK truong phong - them sau) ----
CREATE TABLE PHONGBAN (
    MAPHG       NUMBER(3)      CONSTRAINT phongban_maphg_pk PRIMARY KEY,
    TENPHG      NVARCHAR2(30)  NOT NULL,
    TRPHG       NUMBER(9),
    NG_NHANCHUC DATE
);

-- ---- Tao bang NHANVIEN ----
CREATE TABLE NHANVIEN (
    MANV      NUMBER(9)      CONSTRAINT nhanvien_manv_pk  PRIMARY KEY,
    HONV      NVARCHAR2(30),
    TENLOT    NVARCHAR2(10),
    TENNV     NVARCHAR2(10)  NOT NULL,
    NGAYSINH  DATE,
    DCHI      NVARCHAR2(50),
    PHAI      NVARCHAR2(3),
    LUONG     NUMBER(10,2),
    MA_NQL    NUMBER(9)      CONSTRAINT nhanvien_manql_fk REFERENCES NHANVIEN(MANV),
    MAPHG     NUMBER(3)      CONSTRAINT nhanvien_maphg_fk REFERENCES PHONGBAN(MAPHG)
);

-- ---- Them FK truong phong vao PHONGBAN (sau khi da co NHANVIEN) ----
ALTER TABLE PHONGBAN
    ADD CONSTRAINT phongban_trphg_fk
    FOREIGN KEY (TRPHG) REFERENCES NHANVIEN(MANV);

-- ---- Tao bang DIADIEM_PHG ----
CREATE TABLE DIADIEM_PHG (
    MAPHG   NUMBER(3)      CONSTRAINT diadiem_maphg_fk REFERENCES PHONGBAN(MAPHG),
    DIADIEM NVARCHAR2(30),
    CONSTRAINT diadiem_pk PRIMARY KEY (MAPHG, DIADIEM)
);

-- ---- Tao bang DEAN ----
CREATE TABLE DEAN (
    MADA     NUMBER(5)      CONSTRAINT dean_mada_pk   PRIMARY KEY,
    TENDA    NVARCHAR2(30)  NOT NULL,
    DDIEM_DA NVARCHAR2(30),
    MAPHG    NUMBER(3)      CONSTRAINT dean_maphg_fk  REFERENCES PHONGBAN(MAPHG)
);

-- ---- Tao bang PHANCONG ----
CREATE TABLE PHANCONG (
    MANV     NUMBER(9)   CONSTRAINT phancong_manv_fk REFERENCES NHANVIEN(MANV),
    MADA     NUMBER(5)   CONSTRAINT phancong_mada_fk REFERENCES DEAN(MADA),
    THOIGIAN NUMBER(5,1),
    CONSTRAINT phancong_pk PRIMARY KEY (MANV, MADA)
);

-- ---- Tao bang THANNHAN ----
CREATE TABLE THANNHAN (
    MANV     NUMBER(9)      CONSTRAINT thannhan_manv_fk REFERENCES NHANVIEN(MANV),
    TENTN    NVARCHAR2(30),
    PHAI     NVARCHAR2(3),
    NGAYSINH DATE,
    QUANHE   NVARCHAR2(10),
    CONSTRAINT thannhan_pk PRIMARY KEY (MANV, TENTN)
);

-- ============================================================
-- NHAP DU LIEU
-- ============================================================

-- ---- PHONGBAN (chua co truong phong) ----
INSERT INTO PHONGBAN (MAPHG, TENPHG) VALUES (1, N'Quản lý');
INSERT INTO PHONGBAN (MAPHG, TENPHG) VALUES (4, N'Quản trị');
INSERT INTO PHONGBAN (MAPHG, TENPHG) VALUES (5, N'Nghiên cứu');
INSERT INTO PHONGBAN (MAPHG, TENPHG) VALUES (6, N'Kỹ thuật');
INSERT INTO PHONGBAN (MAPHG, TENPHG) VALUES (7, N'Kinh doanh');

-- ---- NHANVIEN ----
INSERT INTO NHANVIEN VALUES (888665555, N'Nguyễn Thanh', N'Văn',  N'Hùng',   TO_DATE('09-11-1945','DD-MM-YYYY'), N'638 NVC Q5 HCM',  N'Nam', 55000, NULL,      1);
INSERT INTO NHANVIEN VALUES (333445555, N'Trần Thanh',   N'Văn',  N'Tùng',   TO_DATE('08-12-1955','DD-MM-YYYY'), N'638 NVC Q5 HCM',  N'Nam', 40000, 888665555, 5);
INSERT INTO NHANVIEN VALUES (987654321, N'Lê Thị',       N'',     N'Phượng', TO_DATE('20-06-1931','DD-MM-YYYY'), N'291 Berry Boo',   N'Nữ',  43000, 888665555, 4);
INSERT INTO NHANVIEN VALUES (123456789, N'Đinh Bảo',     N'Văn',  N'Long',   TO_DATE('09-01-1965','DD-MM-YYYY'), N'731 Fon Tay HN',  N'Nam', 30000, 333445555, 5);
INSERT INTO NHANVIEN VALUES (666884444, N'Ramesh',       N'K',    N'Narayan', TO_DATE('15-09-1962','DD-MM-YYYY'), N'975 Fire Oak',    N'Nam', 38000, 333445555, 5);
INSERT INTO NHANVIEN VALUES (453453453, N'Trần Thị',     N'',     N'Anh',    TO_DATE('31-07-1972','DD-MM-YYYY'), N'5631 Rice Oak',   N'Nữ',  25000, 333445555, 5);
INSERT INTO NHANVIEN VALUES (987987987, N'Ahmad',        N'V',    N'Jabbar', TO_DATE('29-03-1969','DD-MM-YYYY'), N'980 Dallas',      N'Nam', 25000, 987654321, 4);
INSERT INTO NHANVIEN VALUES (999887777, N'Alicia',       N'J',    N'Zelaya', TO_DATE('19-01-1968','DD-MM-YYYY'), N'3321 Castle',     N'Nữ',  25000, 987654321, 4);
INSERT INTO NHANVIEN VALUES (886625556, N'James',        N'E',    N'Borg',   TO_DATE('10-06-1937','DD-MM-YYYY'), N'291 Berry Boo',   N'Nam', 43000, 888665555, 1);

-- ---- Cap nhat truong phong sau khi co du lieu NHANVIEN ----
UPDATE PHONGBAN SET TRPHG = 888665555, NG_NHANCHUC = TO_DATE('19-06-1981','DD-MM-YYYY') WHERE MAPHG = 1;
UPDATE PHONGBAN SET TRPHG = 987654321, NG_NHANCHUC = TO_DATE('01-01-1985','DD-MM-YYYY') WHERE MAPHG = 4;
UPDATE PHONGBAN SET TRPHG = 333445555, NG_NHANCHUC = TO_DATE('22-05-1978','DD-MM-YYYY') WHERE MAPHG = 5;
UPDATE PHONGBAN SET TRPHG = 333445555, NG_NHANCHUC = TO_DATE('01-06-1990','DD-MM-YYYY') WHERE MAPHG = 6;
UPDATE PHONGBAN SET TRPHG = 987654321, NG_NHANCHUC = TO_DATE('15-03-1995','DD-MM-YYYY') WHERE MAPHG = 7;

-- ---- DIADIEM_PHG ----
INSERT INTO DIADIEM_PHG VALUES (1, N'TP.HCM');
INSERT INTO DIADIEM_PHG VALUES (4, N'Hà Nội');
INSERT INTO DIADIEM_PHG VALUES (5, N'TP.HCM');
INSERT INTO DIADIEM_PHG VALUES (5, N'Hà Nội');
INSERT INTO DIADIEM_PHG VALUES (5, N'Đà Nẵng');
INSERT INTO DIADIEM_PHG VALUES (6, N'Đà Nẵng');
INSERT INTO DIADIEM_PHG VALUES (7, N'Cần Thơ');

-- ---- DEAN ----
INSERT INTO DEAN VALUES (1,  N'ProductX',       N'TP.HCM',  5);
INSERT INTO DEAN VALUES (2,  N'ProductY',       N'Hà Nội',  5);
INSERT INTO DEAN VALUES (3,  N'ProductZ',       N'Đà Nẵng', 5);
INSERT INTO DEAN VALUES (10, N'Automation',     N'Hà Nội',  4);
INSERT INTO DEAN VALUES (20, N'Reorganization', N'TP.HCM',  1);
INSERT INTO DEAN VALUES (30, N'Newbenefits',    N'Hà Nội',  4);
INSERT INTO DEAN VALUES (40, N'Digital Trans',  N'Cần Thơ', 7);

-- ---- PHANCONG ----
INSERT INTO PHANCONG VALUES (123456789,  1,  32.5);
INSERT INTO PHANCONG VALUES (123456789,  2,   7.5);
INSERT INTO PHANCONG VALUES (666884444,  3,  40.0);
INSERT INTO PHANCONG VALUES (453453453,  1,  20.0);
INSERT INTO PHANCONG VALUES (453453453,  2,  20.0);
INSERT INTO PHANCONG VALUES (333445555,  2,  10.0);
INSERT INTO PHANCONG VALUES (333445555,  3,  10.0);
INSERT INTO PHANCONG VALUES (333445555, 10,  10.0);
INSERT INTO PHANCONG VALUES (333445555, 20,  10.0);
INSERT INTO PHANCONG VALUES (999887777, 30,  30.0);
INSERT INTO PHANCONG VALUES (999887777, 10,  10.0);
INSERT INTO PHANCONG VALUES (987987987, 10,  35.0);
INSERT INTO PHANCONG VALUES (987987987, 30,   5.0);
INSERT INTO PHANCONG VALUES (987654321, 30,  20.0);
INSERT INTO PHANCONG VALUES (987654321, 20,  15.0);
INSERT INTO PHANCONG VALUES (888665555, 20,  NULL);
INSERT INTO PHANCONG VALUES (886625556, 40,  40.0);

-- ---- THANNHAN ----
INSERT INTO THANNHAN VALUES (333445555, N'Alice',     N'Nữ',  TO_DATE('05-04-1976','DD-MM-YYYY'), N'Con gái');
INSERT INTO THANNHAN VALUES (333445555, N'Theodore',  N'Nam', TO_DATE('25-10-1973','DD-MM-YYYY'), N'Con trai');
INSERT INTO THANNHAN VALUES (333445555, N'Joy',       N'Nữ',  TO_DATE('03-05-1948','DD-MM-YYYY'), N'Vợ');
INSERT INTO THANNHAN VALUES (987654321, N'Abner',     N'Nam', TO_DATE('28-02-1942','DD-MM-YYYY'), N'Chồng');
INSERT INTO THANNHAN VALUES (123456789, N'Michael',   N'Nam', TO_DATE('01-01-1988','DD-MM-YYYY'), N'Con trai');
INSERT INTO THANNHAN VALUES (123456789, N'Alice',     N'Nữ',  TO_DATE('31-12-1988','DD-MM-YYYY'), N'Con gái');
INSERT INTO THANNHAN VALUES (123456789, N'Elizabeth', N'Nữ',  TO_DATE('05-05-1967','DD-MM-YYYY'), N'Vợ');
INSERT INTO THANNHAN VALUES (888665555, N'Ted',       N'Nam', TO_DATE('12-10-1963','DD-MM-YYYY'), N'Con trai');

COMMIT;

-- ============================================================
-- KIEM TRA KET QUA
-- ============================================================
SELECT 'PHONGBAN'    AS "Bang", COUNT(*) AS "So ban ghi" FROM PHONGBAN    UNION ALL
SELECT 'NHANVIEN',             COUNT(*) FROM NHANVIEN    UNION ALL
SELECT 'DIADIEM_PHG',          COUNT(*) FROM DIADIEM_PHG UNION ALL
SELECT 'DEAN',                 COUNT(*) FROM DEAN        UNION ALL
SELECT 'PHANCONG',             COUNT(*) FROM PHANCONG    UNION ALL
SELECT 'THANNHAN',             COUNT(*) FROM THANNHAN;
